{
    "attributes": {
        "name": "Mesh"
    }, 
    "dea": {}, 
    "dfa": {}, 
    "dva": {
        "x": 0.0, 
        "y": 0.0, 
        "z": 0.0
    }, 
    "edgedata": {}, 
    "face": {
        "0": [
            0, 
            4, 
            9, 
            1
        ], 
        "1": [
            4, 
            0, 
            2, 
            5
        ], 
        "2": [
            6, 
            3, 
            5, 
            2
        ], 
        "3": [
            3, 
            6, 
            7, 
            8
        ]
    }, 
    "facedata": {
        "0": {}, 
        "1": {}, 
        "2": {}, 
        "3": {}
    }, 
    "max_int_fkey": 3, 
    "max_int_key": 9, 
    "vertex": {
        "0": {
            "x": 456.98113413188048, 
            "y": -2439.6666348213462, 
            "z": 0.0
        }, 
        "1": {
            "x": 387.25731459860344, 
            "y": -2447.6217014795056, 
            "z": 0.0
        }, 
        "2": {
            "x": 537.34773505457588, 
            "y": -2439.6666348213462, 
            "z": 0.0
        }, 
        "3": {
            "x": 625.32666966799604, 
            "y": -2511.6953887847994, 
            "z": 0.0
        }, 
        "4": {
            "x": 460.25674981465193, 
            "y": -2510.7942896472396, 
            "z": 0.0
        }, 
        "5": {
            "x": 540.62335073734732, 
            "y": -2510.7942896472396, 
            "z": 0.0
        }, 
        "6": {
            "x": 622.0510539852246, 
            "y": -2440.5677339589065, 
            "z": 0.0
        }, 
        "7": {
            "x": 676.87573071895065, 
            "y": -2419.1861100327533, 
            "z": 0.0
        }, 
        "8": {
            "x": 680.15134640172209, 
            "y": -2490.3137648586462, 
            "z": 0.0
        }, 
        "9": {
            "x": 383.04580872075439, 
            "y": -2521.0890817930926, 
            "z": 0.0
        }
    }
}