{
    "attributes": {
        "name": "Mesh"
    }, 
    "dea": {}, 
    "dfa": {}, 
    "dva": {
        "x": 0.0, 
        "y": 0.0, 
        "z": 0.0
    }, 
    "edgedata": {}, 
    "face": {
        "0": [
            8, 
            9, 
            3, 
            7
        ], 
        "1": [
            9, 
            8, 
            1, 
            6
        ], 
        "2": [
            4, 
            2, 
            6, 
            1
        ], 
        "3": [
            2, 
            4, 
            0, 
            5
        ]
    }, 
    "facedata": {
        "0": {}, 
        "1": {}, 
        "2": {}, 
        "3": {}
    }, 
    "max_int_fkey": 3, 
    "max_int_key": 9, 
    "vertex": {
        "0": {
            "x": 266.87286830031132, 
            "y": -758.0678891178901, 
            "z": 0.0
        }, 
        "1": {
            "x": 127.34487263593655, 
            "y": -778.54841390648312, 
            "z": 0.0
        }, 
        "2": {
            "x": 215.32380724935672, 
            "y": -850.5771678699366, 
            "z": 0.0
        }, 
        "3": {
            "x": -26.957053697884902, 
            "y": -859.97086087822959, 
            "z": 0.0
        }, 
        "4": {
            "x": 212.04819156658527, 
            "y": -779.44951304404321, 
            "z": 0.0
        }, 
        "5": {
            "x": 270.14848398308277, 
            "y": -829.19554394378349, 
            "z": 0.0
        }, 
        "6": {
            "x": 130.620488318708, 
            "y": -849.67606873237651, 
            "z": 0.0
        }, 
        "7": {
            "x": -22.745547820035853, 
            "y": -786.50348056464236, 
            "z": 0.0
        }, 
        "8": {
            "x": 46.978271713241185, 
            "y": -778.54841390648312, 
            "z": 0.0
        }, 
        "9": {
            "x": 50.25388739601263, 
            "y": -849.67606873237651, 
            "z": 0.0
        }
    }
}