{
    "attributes": {
        "name": "Mesh"
    }, 
    "dea": {}, 
    "dfa": {}, 
    "dva": {
        "x": 0.0, 
        "y": 0.0, 
        "z": 0.0
    }, 
    "edgedata": {}, 
    "face": {
        "4": [
            7, 
            10, 
            11, 
            6
        ], 
        "5": [
            8, 
            3, 
            11, 
            10
        ], 
        "6": [
            6, 
            11, 
            12, 
            2
        ], 
        "7": [
            3, 
            5, 
            12, 
            11
        ], 
        "8": [
            2, 
            12, 
            13, 
            0
        ], 
        "9": [
            5, 
            4, 
            13, 
            12
        ], 
        "10": [
            0, 
            13, 
            14, 
            1
        ], 
        "11": [
            4, 
            9, 
            14, 
            13
        ]
    }, 
    "facedata": {
        "4": {}, 
        "5": {}, 
        "6": {}, 
        "7": {}, 
        "8": {}, 
        "9": {}, 
        "10": {}, 
        "11": {}
    }, 
    "max_int_fkey": 11, 
    "max_int_key": 14, 
    "vertex": {
        "0": {
            "x": 456.98113413188048, 
            "y": -2439.6666348213462, 
            "z": 0.0
        }, 
        "1": {
            "x": 387.25731459860344, 
            "y": -2447.6217014795056, 
            "z": 0.0
        }, 
        "2": {
            "x": 537.34773505457588, 
            "y": -2439.6666348213462, 
            "z": 0.0
        }, 
        "3": {
            "x": 625.32666966799604, 
            "y": -2511.6953887847994, 
            "z": 0.0
        }, 
        "4": {
            "x": 460.25674981465193, 
            "y": -2510.7942896472396, 
            "z": 0.0
        }, 
        "5": {
            "x": 540.62335073734732, 
            "y": -2510.7942896472396, 
            "z": 0.0
        }, 
        "6": {
            "x": 622.0510539852246, 
            "y": -2440.5677339589065, 
            "z": 0.0
        }, 
        "7": {
            "x": 676.87573071895065, 
            "y": -2419.1861100327533, 
            "z": 0.0
        }, 
        "8": {
            "x": 680.15134640172209, 
            "y": -2490.3137648586462, 
            "z": 0.0
        }, 
        "9": {
            "x": 383.04580872075439, 
            "y": -2521.0890817930926, 
            "z": 0.0
        }, 
        "10": {
            "x": 678.51353856033643, 
            "y": -2454.7499374456997, 
            "z": 0.0
        }, 
        "11": {
            "x": 623.68886182661026, 
            "y": -2476.131561371853, 
            "z": 0.0
        }, 
        "12": {
            "x": 538.98554289596154, 
            "y": -2475.2304622342926, 
            "z": 0.0
        }, 
        "13": {
            "x": 458.6189419732662, 
            "y": -2475.2304622342926, 
            "z": 0.0
        }, 
        "14": {
            "x": 385.15156165967892, 
            "y": -2484.3553916362989, 
            "z": 0.0
        }
    }
}