{
    "attributes": {
        "name": "Mesh"
    }, 
    "dea": {}, 
    "dfa": {}, 
    "dva": {
        "x": 0.0, 
        "y": 0.0, 
        "z": 0.0
    }, 
    "edgedata": {}, 
    "face": {
        "0": [
            1, 
            2, 
            0, 
            16
        ], 
        "1": [
            12, 
            5, 
            13, 
            15
        ], 
        "2": [
            11, 
            15, 
            13, 
            3
        ], 
        "3": [
            11, 
            3, 
            6, 
            7
        ], 
        "4": [
            4, 
            7, 
            6, 
            8
        ], 
        "5": [
            15, 
            1, 
            9, 
            12
        ], 
        "6": [
            2, 
            1, 
            15, 
            11
        ], 
        "7": [
            7, 
            10, 
            2, 
            11
        ], 
        "8": [
            14, 
            10, 
            7, 
            4
        ]
    }, 
    "facedata": {
        "0": {}, 
        "1": {}, 
        "2": {}, 
        "3": {}, 
        "4": {}, 
        "5": {}, 
        "6": {}, 
        "7": {}, 
        "8": {}
    }, 
    "max_int_fkey": 8, 
    "max_int_key": 16, 
    "vertex": {
        "0": {
            "x": -968.60579460952886, 
            "y": -1913.9648450011516, 
            "z": 0.0
        }, 
        "1": {
            "x": -888.56524058633636, 
            "y": -1992.9672563385973, 
            "z": 0.0
        }, 
        "2": {
            "x": -973.26855951698508, 
            "y": -1992.066157201037, 
            "z": 0.0
        }, 
        "3": {
            "x": -965.1604994993761, 
            "y": -2146.5534768028829, 
            "z": 0.0
        }, 
        "4": {
            "x": -1127.5704858508066, 
            "y": -2073.4886041727832, 
            "z": 0.0
        }, 
        "5": {
            "x": -825.63250383500122, 
            "y": -2126.0729520142895, 
            "z": 0.0
        }, 
        "6": {
            "x": -1045.5271004220715, 
            "y": -2146.5534768028829, 
            "z": 0.0
        }, 
        "7": {
            "x": -1050.3595447569089, 
            "y": -2063.1938120269306, 
            "z": 0.0
        }, 
        "8": {
            "x": -1122.7380415159689, 
            "y": -2156.8482689487355, 
            "z": 0.0
        }, 
        "9": {
            "x": -833.74056385261042, 
            "y": -1971.5856324124441, 
            "z": 0.0
        }, 
        "10": {
            "x": -1053.6351604396805, 
            "y": -1992.066157201037, 
            "z": 0.0
        }, 
        "11": {
            "x": -969.99294383421352, 
            "y": -2063.1938120269306, 
            "z": 0.0
        }, 
        "12": {
            "x": -830.46494816983886, 
            "y": -2042.7132872383372, 
            "z": 0.0
        }, 
        "13": {
            "x": -880.45718056872738, 
            "y": -2147.4545759404427, 
            "z": 0.0
        }, 
        "14": {
            "x": -1123.3589799729575, 
            "y": -2000.0212238591964, 
            "z": 0.0
        }, 
        "15": {
            "x": -885.2896249035648, 
            "y": -2064.0949111644904, 
            "z": 0.0
        }, 
        "16": {
            "x": -883.90247567888014, 
            "y": -1914.8659441387119, 
            "z": 0.0
        }
    }
}