{
    "attributes": {
        "name": "Mesh"
    }, 
    "dea": {}, 
    "dfa": {}, 
    "dva": {
        "x": 0.0, 
        "y": 0.0, 
        "z": 0.0
    }, 
    "edgedata": {}, 
    "face": {
        "0": [
            1, 
            0, 
            2, 
            3
        ], 
        "1": [
            6, 
            4, 
            1, 
            3
        ], 
        "2": [
            5, 
            4, 
            6, 
            7
        ], 
        "3": [
            8, 
            9, 
            5, 
            7
        ]
    }, 
    "facedata": {
        "0": {}, 
        "1": {}, 
        "2": {}, 
        "3": {}
    }, 
    "max_int_fkey": 3, 
    "max_int_key": 9, 
    "vertex": {
        "0": {
            "x": -14.820857048034668, 
            "y": -974.93505859375, 
            "z": 0.0
        }, 
        "1": {
            "x": 54.902961730957031, 
            "y": -966.97998046875, 
            "z": 0.0
        }, 
        "2": {
            "x": -19.03236198425293, 
            "y": -1048.4024658203125, 
            "z": 0.0
        }, 
        "3": {
            "x": 58.178577423095703, 
            "y": -1038.107666015625, 
            "z": 0.0
        }, 
        "4": {
            "x": 135.26956176757813, 
            "y": -966.97998046875, 
            "z": 0.0
        }, 
        "5": {
            "x": 219.97288513183594, 
            "y": -967.881103515625, 
            "z": 0.0
        }, 
        "6": {
            "x": 138.54518127441406, 
            "y": -1038.107666015625, 
            "z": 0.0
        }, 
        "7": {
            "x": 223.24850463867188, 
            "y": -1039.0086669921875, 
            "z": 0.0
        }, 
        "8": {
            "x": 278.07318115234375, 
            "y": -1017.6271362304688, 
            "z": 0.0
        }, 
        "9": {
            "x": 274.79754638671875, 
            "y": -946.49945068359375, 
            "z": 0.0
        }
    }
}