{
    "attributes": {
        "name": "Mesh"
    }, 
    "dea": {}, 
    "dfa": {}, 
    "dva": {
        "x": 0.0, 
        "y": 0.0, 
        "z": 0.0
    }, 
    "edgedata": {}, 
    "face": {
        "0": [
            5, 
            3, 
            2, 
            9
        ], 
        "1": [
            1, 
            4, 
            2, 
            3
        ], 
        "2": [
            1, 
            0, 
            6, 
            4
        ], 
        "3": [
            8, 
            7, 
            6, 
            0
        ]
    }, 
    "facedata": {
        "0": {}, 
        "1": {}, 
        "2": {}, 
        "3": {}
    }, 
    "max_int_fkey": 3, 
    "max_int_key": 9, 
    "vertex": {
        "0": {
            "x": -310.61805102392771, 
            "y": -3206.4216502193026, 
            "z": 0.0
        }, 
        "1": {
            "x": -230.25145010123231, 
            "y": -3206.4216502193026, 
            "z": 0.0
        }, 
        "2": {
            "x": -140.71568683574617, 
            "y": -3290.6824141328148, 
            "z": 0.0
        }, 
        "3": {
            "x": -145.54813117058359, 
            "y": -3207.3227493568625, 
            "z": 0.0
        }, 
        "4": {
            "x": -225.41900576639489, 
            "y": -3289.7813149952549, 
            "z": 0.0
        }, 
        "5": {
            "x": -90.723454436857594, 
            "y": -3185.9411254307097, 
            "z": 0.0
        }, 
        "6": {
            "x": -305.78560668909029, 
            "y": -3289.7813149952549, 
            "z": 0.0
        }, 
        "7": {
            "x": -382.9965477829877, 
            "y": -3300.076107141108, 
            "z": 0.0
        }, 
        "8": {
            "x": -387.82899211782535, 
            "y": -3216.7164423651557, 
            "z": 0.0
        }, 
        "9": {
            "x": -85.891010102020061, 
            "y": -3269.300790206662, 
            "z": 0.0
        }
    }
}