{
    "attributes": {
        "name": "Mesh"
    }, 
    "dea": {}, 
    "dfa": {}, 
    "dva": {
        "x": 0.0, 
        "y": 0.0, 
        "z": 0.0
    }, 
    "edgedata": {}, 
    "face": {
        "4": [
            0, 
            10, 
            0, 
            10
        ], 
        "5": [
            10, 
            11, 
            4, 
            0
        ], 
        "6": [
            11, 
            5, 
            12, 
            4
        ], 
        "7": [
            4, 
            12, 
            4, 
            12
        ], 
        "8": [
            12, 
            13, 
            1, 
            4
        ], 
        "9": [
            13, 
            2, 
            14, 
            1
        ], 
        "10": [
            1, 
            14, 
            1, 
            14
        ], 
        "11": [
            14, 
            15, 
            8, 
            1
        ], 
        "12": [
            15, 
            6, 
            16, 
            8
        ], 
        "13": [
            8, 
            16, 
            8, 
            16
        ], 
        "14": [
            16, 
            17, 
            7, 
            8
        ], 
        "15": [
            17, 
            9, 
            18, 
            7
        ]
    }, 
    "facedata": {
        "4": {}, 
        "5": {}, 
        "6": {}, 
        "7": {}, 
        "8": {}, 
        "9": {}, 
        "10": {}, 
        "11": {}, 
        "12": {}, 
        "13": {}, 
        "14": {}, 
        "15": {}
    }, 
    "max_int_fkey": 15, 
    "max_int_key": 19, 
    "vertex": {
        "0": {
            "x": 266.87286830031132, 
            "y": -758.0678891178901, 
            "z": 0.0
        }, 
        "1": {
            "x": 127.34487263593655, 
            "y": -778.54841390648312, 
            "z": 0.0
        }, 
        "2": {
            "x": 215.32380724935672, 
            "y": -850.5771678699366, 
            "z": 0.0
        }, 
        "3": {
            "x": -26.957053697884902, 
            "y": -859.97086087822959, 
            "z": 0.0
        }, 
        "4": {
            "x": 212.04819156658527, 
            "y": -779.44951304404321, 
            "z": 0.0
        }, 
        "5": {
            "x": 270.14848398308277, 
            "y": -829.19554394378349, 
            "z": 0.0
        }, 
        "6": {
            "x": 130.620488318708, 
            "y": -849.67606873237651, 
            "z": 0.0
        }, 
        "7": {
            "x": -22.745547820035853, 
            "y": -786.50348056464236, 
            "z": 0.0
        }, 
        "8": {
            "x": 46.978271713241185, 
            "y": -778.54841390648312, 
            "z": 0.0
        }, 
        "9": {
            "x": 50.25388739601263, 
            "y": -849.67606873237651, 
            "z": 0.0
        }, 
        "10": {
            "x": 267.96474019456849, 
            "y": -781.77710739318786, 
            "z": 0.0
        }, 
        "11": {
            "x": 269.0566120888256, 
            "y": -805.48632566848573, 
            "z": 0.0
        }, 
        "12": {
            "x": 213.14006346084241, 
            "y": -803.15873131934097, 
            "z": 0.0
        }, 
        "13": {
            "x": 214.23193535509958, 
            "y": -826.86794959463884, 
            "z": 0.0
        }, 
        "14": {
            "x": 128.43674453019369, 
            "y": -802.25763218178088, 
            "z": 0.0
        }, 
        "15": {
            "x": 129.52861642445086, 
            "y": -825.96685045707875, 
            "z": 0.0
        }, 
        "16": {
            "x": 48.070143607498331, 
            "y": -802.25763218178088, 
            "z": 0.0
        }, 
        "17": {
            "x": 49.162015501755484, 
            "y": -825.96685045707875, 
            "z": 0.0
        }, 
        "18": {
            "x": -24.149383112652202, 
            "y": -810.9926073358381, 
            "z": 0.0
        }, 
        "19": {
            "x": -25.553218405268552, 
            "y": -835.48173410703384, 
            "z": 0.0
        }
    }
}